code,name,family,primary_tissue,primary_template,parent_code,ontology_level,ontology_kind,is_classification_target,subtype_key,expression_source,source_cohort,source_pmid,notes,mixture_cohort,pediatric,differentiation,grade_tier,viral_etiology,viral_agent,fusion_driven,fusion_driver
ACC,Adrenocortical Carcinoma,endocrine-epithelial,adrenal_cortex,solid_primary,,type,primary_type,True,,TCGA,TREEHOUSE_POLYA_25_01_TCGA_SUBSET,PMID:24071852,,False,False,,,none,,none,
BLCA,Bladder Urothelial Carcinoma,carcinoma-gu,bladder,solid_primary,,type,primary_type,True,,TCGA,TREEHOUSE_POLYA_25_01_TCGA_SUBSET,PMID:24071852,,False,False,,,none,,none,
BRCA,Breast Invasive Carcinoma,carcinoma-breast,breast,solid_primary,,type,primary_type,True,,TCGA,TREEHOUSE_POLYA_25_01_TCGA_SUBSET,PMID:24071852,Umbrella — use PAM50 subtypes for subtype-aware inference,False,False,,,none,,subtype,ETV6-NTRK3
BRCA_LumA,Luminal A,carcinoma-breast,breast,solid_primary,BRCA,molecular_subtype,molecular_subtype,True,,TCGA/PAM50,TREEHOUSE_POLYA_25_01_TCGA_BRCA_PAM50,PMID:26451490,ER+/PR+ HER2-; endocrine-first,False,False,,,none,,none,
BRCA_LumB,Luminal B,carcinoma-breast,breast,solid_primary,BRCA,molecular_subtype,molecular_subtype,True,,TCGA/PAM50,TREEHOUSE_POLYA_25_01_TCGA_BRCA_PAM50,PMID:26451490,ER+ proliferative; endocrine + chemo,False,False,,,none,,none,
BRCA_HER2,HER2-enriched,carcinoma-breast,breast,solid_primary,BRCA,molecular_subtype,molecular_subtype,True,,TCGA/PAM50,TREEHOUSE_POLYA_25_01_TCGA_BRCA_PAM50,PMID:26451490,ERBB2-amp; HER2-directed therapy,False,False,,,none,,none,
BRCA_Basal,Basal-like,carcinoma-breast,breast,solid_primary,BRCA,molecular_subtype,molecular_subtype,True,,TCGA/PAM50,TREEHOUSE_POLYA_25_01_TCGA_BRCA_PAM50,PMID:26451490,TNBC proxy; chemo + sacituzumab,False,False,,,none,,none,
BRCA_Normal,Normal-like,carcinoma-breast,breast,solid_primary,BRCA,molecular_subtype,molecular_subtype,True,,TCGA/PAM50,TREEHOUSE_POLYA_25_01_TCGA_BRCA_PAM50,PMID:26451490,rare; low-confidence stratum,False,False,,,none,,none,
CESC,Cervical Squamous / Adenocarcinoma,carcinoma-gu,cervix,solid_primary,,type,primary_type,True,,TCGA,TREEHOUSE_POLYA_25_01_TCGA_SUBSET,PMID:24071852,HPV-driven,False,False,,,defining,HPV,none,
CHOL,Cholangiocarcinoma,carcinoma-gi,bile_duct,solid_primary,BTC,type,anatomic_type,True,,TCGA,TREEHOUSE_POLYA_25_01_TCGA_SUBSET,PMID:24071852,Intrahepatic and extrahepatic cholangiocarcinoma; BTC is the pan-biliary source-scope aggregate.,False,False,,,none,,subtype,FGFR2-BICC1; FGFR2-AHCYL1
BTC,Biliary Tract Cancer,carcinoma-gi,biliary_tract,solid_primary,,grouping,source_scope,True,,curated,LITERATURE_CURATED,PMID:32359091;PMID:35611499,Source-scope aggregate for pan-biliary ICI estimates spanning cholangiocarcinoma and gallbladder cancer; not an expression cohort.,True,False,,,none,,none,
CRC,Colorectal Adenocarcinoma,carcinoma-gi,colorectum,solid_primary,,grouping,computed_union,True,,computed,COMPUTED_COLORECTAL,PMID:24071852,Computed colorectal union of COAD+READ (cancer-cohort-aggregates); rectum is curated as colorectal so COAD/READ share aPD1+TMB at every tier; MSI/MSS cross-cut via cancer-subtype-groupings.,True,False,,,none,,none,
CRC_MSI,MSI-H/dMMR Colorectal Adenocarcinoma,carcinoma-gi,colorectum,solid_primary,CRC,molecular_subtype,molecular_source_scope,False,,curated,LITERATURE_CURATED,PMID:33264544;PMID:29355075;PMID:28420421,Source-scope aggregate for biomarker-selected MSI-H/dMMR colorectal TMB and ICI estimates; not an expression cohort. COAD_MSI/READ_MSI remain anatomical expression subtypes.,True,False,,,none,,none,
COAD,Colon Adenocarcinoma,carcinoma-gi,colon,solid_primary,CRC,type,anatomic_type,True,,TCGA,TREEHOUSE_POLYA_25_01_TCGA_SUBSET,PMID:24071852,CMS1-4 molecular subtypes + MSI-H axis,False,False,,,none,,none,
DLBC,Diffuse Large B-cell Lymphoma,heme-bcell,lymph_node,heme_nodal,,type,primary_type,True,,TCGA,TREEHOUSE_POLYA_25_01_TCGA_SUBSET,PMID:24071852,ABC vs GCB subtypes,False,False,,,subset,EBV,subtype,IGH-BCL6; IGH-MYC; IGH-BCL2
ESCA,Esophageal Carcinoma,carcinoma-gi,esophagus,solid_primary,,type,primary_type,True,,TCGA,TREEHOUSE_POLYA_25_01_TCGA_SUBSET,PMID:24071852,Adenocarcinoma + squamous lumped — biologically distinct,False,False,,,none,,none,
GBM,Glioblastoma Multiforme,cns-glial,cerebrum,solid_primary,,type,primary_type,True,,TCGA,TREEHOUSE_POLYA_25_01_TCGA_SUBSET,PMID:24071852,IDH-wildtype per 2021 WHO; mes/classical/proneural subtypes,False,False,,,none,,subtype,FGFR3-TACC3
HNSC,Head and Neck Squamous Cell Carcinoma,carcinoma-head-neck,pharynx,solid_primary,,type,primary_type,True,,TCGA,TREEHOUSE_POLYA_25_01_TCGA_SUBSET,PMID:24071852,HPV+ vs HPV- — two distinct diseases,False,False,,,none,,none,
HNSC_HPVpos,HPV+ HNSC,carcinoma-head-neck,oropharynx,solid_primary,HNSC,molecular_subtype,viral_status_subtype,True,,TCGA/HPV,TREEHOUSE_POLYA_25_01_TCGA_HNSC_HPV,PMID:25631445,Better prognosis; p16+; E6/E7-driven,False,False,,,defining,HPV,none,
HNSC_HPVneg,HPV- HNSC,carcinoma-head-neck,oral_cavity,solid_primary,HNSC,molecular_subtype,viral_status_subtype,True,,TCGA/HPV,TREEHOUSE_POLYA_25_01_TCGA_HNSC_HPV,PMID:25631445,Smoking/alcohol; TP53-mutant,False,False,,,none,,none,
RCC,Renal Cell Carcinoma,carcinoma-gu,kidney,solid_primary,,grouping,computed_union,False,,computed,,PMID:24071852,Renal-cell carcinoma umbrella pooling KIRC/KIRP/KICH expression-bearing renal histologies; non-classification rollup. Non-clear-cell RCC source-scope rows hang under this parent for clinical evidence.,True,False,,,none,,none,
KICH,Kidney Chromophobe,carcinoma-gu,kidney,solid_primary,RCC,type,primary_type,True,,TCGA,TREEHOUSE_POLYA_25_01_TCGA_SUBSET,PMID:24071852,,False,False,,,none,,none,
KIRC,Kidney Renal Clear Cell,carcinoma-gu,kidney,solid_primary,RCC,type,primary_type,True,,TCGA,TREEHOUSE_POLYA_25_01_TCGA_SUBSET,PMID:24071852,VHL-driven,False,False,,,none,,none,
KIRP,Kidney Renal Papillary,carcinoma-gu,kidney,solid_primary,RCC,type,primary_type,True,,TCGA,TREEHOUSE_POLYA_25_01_TCGA_SUBSET,PMID:24071852,Type 1 (MET) + Type 2 lumped,False,False,,,none,,none,
RCC_NCC,Non-Clear Cell Renal Cell Carcinoma,carcinoma-gu,kidney,solid_primary,RCC,grouping,source_scope,False,,curated,LITERATURE_CURATED,PMID:33529058,"Source-scope aggregate for KEYNOTE-427 cohort B overall non-clear-cell RCC outcomes; mixture of papillary, chromophobe, and unclassified histologies; not an expression cohort or classification target.",True,False,,,none,,none,
RCC_NCC_UNCLASSIFIED,Unclassified Non-Clear Cell Renal Cell Carcinoma,carcinoma-gu,kidney,solid_primary,RCC_NCC,type,histologic_type,True,,curated,LITERATURE_CURATED,PMID:33529058,KEYNOTE-427 cohort B unclassified non-clear-cell RCC subgroup; not an expression cohort.,False,False,,,none,,none,
LAML,Acute Myeloid Leukemia,heme-myeloid,bone_marrow,heme_marrow,,type,primary_type,True,,TCGA,TREEHOUSE_POLYA_25_01_TCGA_SUBSET,PMID:24071852,Umbrella — see APL / ELN subtypes,False,False,,,none,,subtype,RUNX1-RUNX1T1; CBFB-MYH11; KMT2A-MLLT3; KMT2A-MLLT10; KMT2A-ELL; KMT2A-MLLT1; DEK-NUP214; NUP98-NSD1; NUP98-KDM5A; RBM15-MKL1
LAML_APL,Acute Promyelocytic Leukemia,heme-myeloid,bone_marrow,heme_marrow,LAML,molecular_subtype,molecular_subtype,True,apl,BEATAML,BEATAML_OHSU_2022,PMID:36109543,PML-RARA; ATRA + ATO chemo-free cure,False,False,,,none,,defining,PML-RARA; ZBTB16-RARA; NPM1-RARA
LAML_ELNfav,AML ELN2017 Favorable,heme-myeloid,bone_marrow,heme_marrow,LAML,molecular_subtype,risk_subtype,True,,BEATAML,BEATAML_OHSU_2022,PMID:36109543,NPM1+/FLT3- or CBF; chemo-sensitive,False,False,,,none,,none,
LAML_ELNint,AML ELN2017 Intermediate,heme-myeloid,bone_marrow,heme_marrow,LAML,molecular_subtype,risk_subtype,True,,BEATAML,BEATAML_OHSU_2022,PMID:36109543,Mixed; individualized therapy,False,False,,,none,,none,
LAML_ELNadv,AML ELN2017 Adverse,heme-myeloid,bone_marrow,heme_marrow,LAML,molecular_subtype,risk_subtype,True,,BEATAML,BEATAML_OHSU_2022,PMID:36109543,TP53/complex karyo; transplant-first,False,False,,,none,,none,
LGG,Lower Grade Glioma,cns-glial,cerebrum,solid_primary,,type,primary_type,True,,TCGA,TREEHOUSE_POLYA_25_01_TCGA_SUBSET,PMID:24071852,IDH-mutant (per 2021 WHO); vorasidenib-eligible,False,False,,,none,,subtype,KIAA1549-BRAF
LIHC,Liver Hepatocellular Carcinoma,carcinoma-gi,liver,solid_primary,,type,primary_type,True,,TCGA,TREEHOUSE_POLYA_25_01_TCGA_SUBSET,PMID:24071852,HBV/HCV/NASH etiologies,False,False,,,subset,HBV;HCV,subtype,DNAJB1-PRKACA
NSCLC,Non-Small Cell Lung Cancer,carcinoma-lung,lung,solid_primary,,grouping,source_scope,True,,curated,LITERATURE_CURATED,PMID:32997907,Source-scope aggregate for non-small-cell lung cancer trial cohorts that report mixed squamous and non-squamous NSCLC outcomes rather than histology-specific LUAD/LUSC estimates; not an expression cohort.,True,False,,,none,,none,
LUAD,Lung Adenocarcinoma,carcinoma-lung,lung,solid_primary,NSCLC,type,histologic_type,True,,TCGA,TREEHOUSE_POLYA_25_01_TCGA_SUBSET,PMID:24071852,EGFR / KRAS / STK11-KEAP1 axes — therapy-gating,False,False,,,none,,subtype,EML4-ALK; CD74-ROS1; EZR-ROS1; SLC34A2-ROS1; KIF5B-RET; CCDC6-RET; CD74-NRG1; SLC3A2-NRG1
LUAD_EGFR,EGFR-mutant LUAD,carcinoma-lung,lung,solid_primary,LUAD,molecular_subtype,molecular_subtype,True,,TCGA/mut,TREEHOUSE_POLYA_25_01_TCGA_LUAD_MUT,PMID:25079552,Osimertinib-first; often never-smoker,False,False,,,none,,none,
LUAD_KRAS,KRAS-mutant LUAD,carcinoma-lung,lung,solid_primary,LUAD,molecular_subtype,molecular_subtype,True,,TCGA/mut,TREEHOUSE_POLYA_25_01_TCGA_LUAD_MUT,PMID:25079552,Sotorasib (G12C); smoker-associated,False,False,,,none,,none,
LUAD_STK11,STK11/KEAP1 LUAD,carcinoma-lung,lung,solid_primary,LUAD,molecular_subtype,molecular_subtype,True,,TCGA/mut,TREEHOUSE_POLYA_25_01_TCGA_LUAD_MUT,PMID:25079552,Cold-immune; IO-refractory axis,False,False,,,none,,none,
LUSC,Lung Squamous Cell Carcinoma,carcinoma-lung,lung,solid_primary,NSCLC,type,histologic_type,True,,TCGA,TREEHOUSE_POLYA_25_01_TCGA_SUBSET,PMID:24071852,,False,False,,,none,,none,
MESO,Mesothelioma,carcinoma-mesothelial,pleura,solid_primary,,type,primary_type,True,,TCGA,TREEHOUSE_POLYA_25_01_TCGA_SUBSET,PMID:24071852,Pleural + peritoneal; BAP1/NF2,False,False,,,none,,none,
OV,Ovarian Serous Cystadenocarcinoma,carcinoma-gu,ovary,solid_primary,,grouping,anatomic_group,True,,TCGA,TREEHOUSE_POLYA_25_01_TCGA_SUBSET,PMID:24071852,HGSOC-dominant; BRCA/HRD + PARP,True,False,,,none,,none,
PAAD,Pancreatic Adenocarcinoma,carcinoma-gi,pancreas,solid_primary,,type,primary_type,True,,TCGA,TREEHOUSE_POLYA_25_01_TCGA_SUBSET,PMID:24071852,Adenocarcinoma only; panNET/acinar separate,False,False,,,none,,none,
PCPG,Pheochromocytoma and Paraganglioma,endocrine-neuroendocrine,adrenal_medulla,solid_primary,,type,primary_type,True,,TCGA,TREEHOUSE_POLYA_25_01_TCGA_SUBSET,PMID:24071852,Extra-adrenal paragangliomas + pheos,False,False,,,none,,none,
PRAD,Prostate Adenocarcinoma,carcinoma-gu,prostate,solid_primary,,type,primary_type,True,,TCGA,TREEHOUSE_POLYA_25_01_TCGA_SUBSET,PMID:24071852,AR-driven; CRPC / NEPC disease states,False,False,,,none,,subtype,TMPRSS2-ERG; SLC45A3-ERG; TMPRSS2-ETV1; TMPRSS2-ETV4; TMPRSS2-ETV5
READ,Rectum Adenocarcinoma,carcinoma-gi,rectum,solid_primary,CRC,type,anatomic_type,True,,TCGA,TREEHOUSE_POLYA_25_01_TCGA_SUBSET,PMID:24071852,Similar to COAD; MSI-H matters,False,False,,,none,,none,
SARC,Sarcoma,sarcoma,soft_tissue,solid_primary,,grouping,computed_union,True,,computed,COMPUTED_PAN_SARCOMA,PMID:24071852,Pan-sarcoma grand union computed from all SARC_* histology atoms (cancer-cohort-aggregates); includes bone (OS/Ewing/chondro) and RMS; no frozen shard. Expression is the union but there is deliberately no single umbrella TMB (subtype TMB spans 0.6-2.2 mut/Mb) so SARC is excluded from the CTA-vs-TMB scatter.,True,False,,,none,,none,
SKCM,Skin Cutaneous Melanoma,melanoma,skin,solid_primary,,type,primary_type,True,,TCGA,TREEHOUSE_POLYA_25_01_TCGA_SUBSET,PMID:24071852,BRAF/NRAS/KIT/triple-WT mutation classes,False,False,,,none,,none,
STAD,Stomach Adenocarcinoma,carcinoma-gi,stomach,solid_primary,,type,primary_type,True,,TCGA,TREEHOUSE_POLYA_25_01_TCGA_SUBSET,PMID:24071852,EBV+ / MSI-H / CIN / GS molecular subtypes,False,False,,,subset,EBV,none,
TGCT,Testicular Germ Cell Tumors,germ-cell,testis,solid_primary,,type,primary_type,True,,TCGA,TREEHOUSE_POLYA_25_01_TCGA_SUBSET,PMID:24071852,Seminoma + non-seminoma; chemo-cure,False,False,,,none,,none,
THCA,Thyroid Carcinoma,endocrine-epithelial,thyroid,solid_primary,,type,primary_type,True,,TCGA,TREEHOUSE_POLYA_25_01_TCGA_SUBSET,PMID:24071852,Papillary-dominant; follicular / anaplastic separate; medullary distinct,False,False,,,none,,subtype,CCDC6-RET; NCOA4-RET; PAX8-PPARG; ETV6-NTRK3; STRN-ALK
THYM_EPITHELIAL,Thymic Epithelial Tumor,thymic,thymus,solid_primary,,grouping,computed_union,False,,computed,,PMID:24071852;PMID:29395863,Thymic epithelial tumor umbrella for thymoma and thymic carcinoma; expression reference currently computed from THYM because THYMCA lacks a dedicated matrix.,True,False,,,none,,none,
THYM,Thymoma,thymic,thymus,solid_primary,THYM_EPITHELIAL,type,primary_type,True,,TCGA,TREEHOUSE_POLYA_25_01_TCGA_SUBSET,PMID:24071852,,False,False,,,none,,none,
UCEC,Uterine Corpus Endometrial Carcinoma,carcinoma-gu,endometrium,solid_primary,,type,primary_type,True,,TCGA,TREEHOUSE_POLYA_25_01_TCGA_SUBSET,PMID:24071852,Endometrioid + serous — different therapy,False,False,,,none,,none,
UCS,Uterine Carcinosarcoma,carcinoma-gu,endometrium,solid_primary,,type,primary_type,True,,TCGA,TREEHOUSE_POLYA_25_01_TCGA_SUBSET,PMID:24071852,Mixed epithelial + sarcomatoid,False,False,,,none,,none,
UVM,Uveal Melanoma,melanoma,eye,solid_primary,,type,primary_type,True,,TCGA,TREEHOUSE_POLYA_25_01_TCGA_SUBSET,PMID:24071852,GNAQ/GNA11; liver met tropism,False,False,,,none,,none,
SARC_LMS,Leiomyosarcoma,sarcoma,smooth_muscle,primary_smooth_muscle,SARC,type,parented_type,True,leiomyosarcoma,Treehouse,TREEHOUSE_POLYA_25_01,PMID:24071852,Uterine + extrauterine; chemo + trabectedin,False,False,,,none,,none,
SARC_DDLPS,Dedifferentiated Liposarcoma,sarcoma,adipose,primary_adipose,SARC_LPS,type,parented_type,True,dedifferentiated_liposarcoma,Treehouse/GDC,TREEHOUSE_POLYA_25_01_TCGA_SARC_HISTOLOGY,PMID:24071852,MDM2-amp; Treehouse TCGA-SARC liposarcoma bucket split by GDC primary_diagnosis; brigimadlin / milademetan trials,False,False,,,none,,none,
SARC_WDLPS,Well-Differentiated Liposarcoma,sarcoma,adipose,primary_adipose,SARC_LPS,type,parented_type,True,well_differentiated_liposarcoma,Treehouse/GDC,TREEHOUSE_POLYA_25_01_TCGA_SARC_HISTOLOGY,PMID:24071852,MDM2-amp; Treehouse TCGA-SARC liposarcoma bucket split by GDC primary_diagnosis; surgery-first,False,False,,,none,,none,
SARC_MYXLPS,Myxoid Liposarcoma,sarcoma,adipose,primary_adipose,SARC_LPS,type,parented_type,True,myxoid_liposarcoma,GEO,GSE30929_SINGER_2007_LPS,PMID:22241786,"FUS-DDIT3; NY-ESO-1 TCR-T target. v5.6.0: Singer 2007 MSKCC GPL96 microarray (n=28 = 17 classic myxoid + 11 myxoid/round-cell which is the high-grade WHO variant of the same FUS::DDIT3-fusion entity). Biology validates: FABP4 2799, ADIPOQ 917, PPARG 424 (adipogenic), FUS+DDIT3 both ~165 (fusion partners both expressed), SOX9 122 (chondroid), STAT3 253 + JAK1 207 (FUS-DDIT3/JAK-STAT axis).",False,False,,,none,,defining,FUS-DDIT3; EWSR1-DDIT3
SARC_SYN,Synovial Sarcoma,sarcoma,soft_tissue,solid_primary,SARC,type,parented_type,True,synovial_sarcoma,Treehouse,TREEHOUSE_POLYA_25_01,PMID:24071852,SS18-SSX; afami-cel (MAGE-A4 TCR-T) approved,False,False,,,none,,defining,SS18-SSX1; SS18-SSX2; SS18-SSX4
SARC_DSRCT,Desmoplastic Small Round Cell Tumor,sarcoma,peritoneum,primary_peritoneal_mesenchymal,SARC,type,parented_type,True,dsrct,Treehouse,TREEHOUSE_POLYA_25_01,,EWSR1-WT1; WT1 TCR-T trials,False,False,,,none,,defining,EWSR1-WT1
SARC_GIST,Gastrointestinal Stromal Tumor,sarcoma,gi_wall,primary_gi_wall,SARC,type,parented_type,True,gist,Treehouse,TREEHOUSE_POLYA_25_01,PMID:24071852,KIT/PDGFRA; imatinib ladder + avapritinib,False,False,,,none,,rare,
SARC_MPNST,Malignant Peripheral Nerve Sheath Tumor,sarcoma,nerve_sheath,primary_nerve_sheath,SARC,type,parented_type,True,,Treehouse,TREEHOUSE_POLYA_25_01,,NF1-associated; SMARCB1/EED/SUZ12 loss,False,False,,,none,,none,
SARC_MMNST,Malignant Melanotic Nerve Sheath Tumor,sarcoma,nerve_sheath,primary_nerve_sheath,SARC,type,parented_type,True,,curated,LITERATURE_CURATED,PMID:24145644,PRKAR1A loss / Carney-complex-associated; dual Schwann + melanocytic differentiation; WHO 2020 rename of melanotic schwannoma; usually spinal nerve roots; candidate RNA-seq PRJNA1083972,False,False,,,none,,none,
SARC_ANGIO,Angiosarcoma,sarcoma,vascular_endothelium,primary_vascular,SARC,type,parented_type,True,,Treehouse,TREEHOUSE_POLYA_25_01,,Tumor IS endothelial — constrained deduct,False,False,,,none,,none,
SARC_UPS,Undifferentiated Pleomorphic Sarcoma,sarcoma,soft_tissue,solid_primary,SARC,type,parented_type,True,,Treehouse,TREEHOUSE_POLYA_25_01,PMID:24071852,Previously MFH; diagnosis of exclusion,False,False,,,none,,none,
SARC_OS,Osteosarcoma,sarcoma,bone,primary_bone,SARC,type,parented_type,True,,Treehouse,TREEHOUSE_POLYA_25_01,PMID:36996377,Not in TCGA — TARGET OS; GD2/HER2 trials,False,True,,,none,,none,
SARC_EWS,Ewing Sarcoma,sarcoma,bone,primary_bone,SARC_ROUND_CELL,type,parented_type,True,,Treehouse,TREEHOUSE_POLYA_25_01,,EWSR1-FLI1/ERG; CD99+; VDC/IE,False,True,,,none,,defining,EWSR1-FLI1; EWSR1-ERG; EWSR1-ETV1; EWSR1-ETV4; EWSR1-FEV; FUS-ERG
SARC_CHON,Chondrosarcoma,sarcoma,cartilage,primary_cartilage,SARC,type,parented_type,True,,GEO,GSE299759_MEIJER_2026,,Broad expression-backed chondrosarcoma umbrella; subtype children do not claim independent validation,False,False,,,none,,none,
SARC_CHOR,Chordoma,sarcoma,notochord,primary_notochord,SARC,type,parented_type,True,,Treehouse/RiboD,TREEHOUSE_RIBOD_25_01,,T (brachyury) defining; skull-base / sacral,False,False,,,none,,none,
SARC_RMS_ERMS,Embryonal Rhabdomyosarcoma,sarcoma,skeletal_muscle,primary_skeletal_muscle,SARC_RMS,molecular_subtype,histologic_molecular_subtype,True,,Treehouse,TREEHOUSE_POLYA_25_01,PMID:24436047,MYOD1/MYOG; better prognosis than ARMS,False,True,,,none,,none,
SARC_RMS_ARMS,Alveolar Rhabdomyosarcoma,sarcoma,skeletal_muscle,primary_skeletal_muscle,SARC_RMS,molecular_subtype,fusion_molecular_subtype,True,,Treehouse,TREEHOUSE_POLYA_25_01,PMID:24436047,PAX3-FOXO1 or PAX7-FOXO1; aggressive,False,True,,,none,,defining,PAX3-FOXO1; PAX7-FOXO1; PAX3-NCOA1; PAX3-NCOA2
NBL,Neuroblastoma,neuroendocrine,sympathetic_ganglia,primary_neural_crest,,type,primary_type,True,,TARGET,TARGET_NBL_2018,PMID:30019323,MYCN amp vs non-amp — therapy-gating,False,True,,,none,,none,
NBL_MYCNamp,Neuroblastoma MYCN-amplified,neuroendocrine,sympathetic_ganglia,primary_neural_crest,NBL,molecular_subtype,molecular_risk_subtype,True,,TARGET,TARGET_NBL_2018,PMID:30019323,High-risk; dinutuximab + chemo,False,True,,,none,,none,
NBL_MYCNnonamp,Neuroblastoma MYCN-non-amplified,neuroendocrine,sympathetic_ganglia,primary_neural_crest,NBL,molecular_subtype,molecular_risk_subtype,True,,TARGET,TARGET_NBL_2018,PMID:30019323,Intermediate/low-risk; better prognosis,False,True,,,none,,none,
WILMS,Wilms Tumor / Nephroblastoma,embryonal,kidney,primary_embryonal,,type,primary_type,True,,TARGET,TARGET_WT_2015,PMID:25622910,WT1/CTNNB1/AMER1; favorable vs anaplastic,False,True,,,none,,none,
RT,Rhabdoid Tumor,embryonal,kidney_cns_soft,primary_embryonal,,type,primary_type,True,,TARGET,TARGET_RT_2017,PMID:29568089,SMARCB1 loss; malignant; CNS AT/RT subset,False,True,,,none,,none,
ATRT,Atypical Teratoid/Rhabdoid Tumor,cns-embryonal,cerebellum,solid_primary,,type,primary_type,True,,Treehouse,TREEHOUSE_POLYA_25_01,,SMARCB1 loss; CNS-only rhabdoid,False,True,,,none,,none,
MBL,Medulloblastoma,cns-embryonal,cerebellum,solid_primary,,type,primary_type,True,,Treehouse,TREEHOUSE_POLYA_25_01,,SHH / WNT / Group 3 / Group 4 subgroups,False,True,,,none,,none,
MBL_WNT,Medulloblastoma WNT,cns-embryonal,cerebellum,solid_primary,MBL,molecular_subtype,molecular_subtype,True,,Treehouse,TREEHOUSE_POLYA_25_01_MBL_SUBGROUP_MARKERS,PMID:35709076,Excellent prognosis; CTNNB1,False,True,,,none,,none,
MBL_SHH,Medulloblastoma SHH,cns-embryonal,cerebellum,solid_primary,MBL,molecular_subtype,molecular_subtype,True,,Treehouse,TREEHOUSE_POLYA_25_01_MBL_SUBGROUP_MARKERS,PMID:35709076,PTCH1/SMO; vismodegib-eligible,False,True,,,none,,none,
MBL_G3,Medulloblastoma Group 3,cns-embryonal,cerebellum,solid_primary,MBL,molecular_subtype,molecular_subtype,True,,Treehouse,TREEHOUSE_POLYA_25_01_MBL_SUBGROUP_MARKERS,PMID:35709076,MYC-amp; worst prognosis,False,True,,,none,,none,
MBL_G4,Medulloblastoma Group 4,cns-embryonal,cerebellum,solid_primary,MBL,molecular_subtype,molecular_subtype,True,,Treehouse,TREEHOUSE_POLYA_25_01_MBL_SUBGROUP_MARKERS,PMID:35709076,Most common; MYCN/CDK6,False,True,,,none,,none,
RB,Retinoblastoma,embryonal,retina,solid_primary,,type,primary_type,True,,Treehouse/RiboD,TREEHOUSE_RIBOD_25_01,,RB1 loss; pediatric eye,False,True,,,none,,none,
HEPB,Hepatoblastoma,embryonal,liver,solid_primary,,type,primary_type,True,,Treehouse,TREEHOUSE_POLYA_25_01,,CTNNB1; pediatric liver,False,True,,,none,,none,
CLL,Chronic Lymphocytic Leukemia,heme-bcell,peripheral_blood,heme_blood,,type,primary_type,True,,CLL-map,CLLMAP_2022,,IGHV mutation status; BTK/BCL2 inhibitors,False,False,,,none,,none,
MCL,Mantle Cell Lymphoma,heme-bcell,lymph_node,heme_nodal,,type,primary_type,True,,GEO,GSE271664_BODOR_2025,,CCND1-IgH; blastoid variant aggressive,False,False,,,none,,defining,IGH-CCND1
FL,Follicular Lymphoma,heme-bcell,lymph_node,heme_nodal,,type,primary_type,True,,GEO,GSE142334_FL_TFL_2021,PMID:33569544,BCL2-IgH; indolent; transforms to DLBCL,False,False,,,none,,defining,IGH-BCL2
HL,Hodgkin Lymphoma,heme-bcell,lymph_node,heme_nodal,,type,primary_type,True,,GEO,GSE120328_LAMPRECHT_2018,PMID:30546079,Reed-Sternberg cells; CD30+; brentuximab,False,False,,,subset,EBV,none,
BL,Burkitt Lymphoma,heme-bcell,lymph_node,heme_nodal,,type,primary_type,True,,CGCI,CGCI_BLGSP,,MYC-Ig translocation; endemic/sporadic/immunodef,False,False,,,subset,EBV,defining,IGH-MYC; IGK-MYC; IGL-MYC
MM,Multiple Myeloma,heme-plasma,bone_marrow,heme_marrow,,type,primary_type,True,,CoMMpass,MMRF_COMMPASS,PMID:30337648,Plasma-cell malignancy; BCMA/FCRH5 bispecifics,False,False,,,none,,defining,IGH-CCND1; IGH-NSD2; IGH-FGFR3; IGH-MAF; IGH-CCND3; IGH-MAFB
MDS,Myelodysplastic Syndrome,heme-myeloid,bone_marrow,heme_marrow,,type,primary_type,True,,GEO,GSE114922_SHIOZAWA_2018,,Pre-leukemic; IPSS-R risk; luspatercept,False,False,,,none,,none,
MPN,Myeloproliferative Neoplasms,heme-myeloid,bone_marrow,heme_marrow,,type,primary_type,True,,GEO,GSE283710_WASHU_2024,,PV / ET / MF; JAK2 V617F,False,False,,,none,,none,
CML,Chronic Myeloid Leukemia,heme-myeloid,peripheral_blood,heme_blood,,type,primary_type,True,,GEO,GSE100026_DING_2017,,BCR-ABL; imatinib-cure paradigm,False,False,,,none,,defining,BCR-ABL1
B_ALL,B-cell Acute Lymphoblastic Leukemia,heme-bcell,bone_marrow,heme_marrow,,type,primary_type,True,,TARGET,TARGET_ALL_2018,PMID:30046113,BCR-ABL-like + other fusions; blinatumomab / tisa-cel,False,False,,,none,,defining,BCR-ABL1; ETV6-RUNX1; TCF3-PBX1; KMT2A-AFF1; IGH-DUX4; P2RY8-CRLF2; IGH-CRLF2
T_ALL,T-cell Acute Lymphoblastic Leukemia,heme-tcell,bone_marrow,heme_marrow,,type,primary_type,True,,TARGET,TARGET_ALL_2018,PMID:30046113,NOTCH1; nelarabine,False,False,,,none,,defining,STIL-TAL1; TRD-TLX1; BCL11B-TLX3; NUP214-ABL1; KMT2A-MLLT10
CTCL,Cutaneous T-cell Lymphoma,heme-tcell,skin,heme_skin,,type,primary_type,True,,GEO,GSE171811_ECCITE_CTCL,,Mycosis fungoides / Sezary; mogamulizumab,False,False,,,none,,none,
NEN,Neuroendocrine Neoplasm,neuroendocrine,neuroendocrine,solid_primary,,grouping,computed_union,False,,computed,,,"Neuroendocrine neoplasm umbrella spanning well-differentiated NET, poorly differentiated NEC, and high-grade extrapulmonary NEN evidence scopes; non-classification rollup.",True,False,,,none,,none,
NET,Neuroendocrine Tumor (well-differentiated),neuroendocrine,neuroendocrine,solid_primary,NEN,grouping,computed_union,False,,computed,,,Well-differentiated neuroendocrine tumor umbrella pooling site-specific NET atoms via cancer-cohort-aggregates; non-classification rollup under NEN. Poorly differentiated NEC and pituitary PITNET are distinct entities.,True,False,NET,,none,,none,
NET_PANCREAS,Pancreatic Neuroendocrine Tumor,neuroendocrine,pancreas,solid_primary,NET,type,anatomic_type,True,,GEO,GSE118014_ALVAREZ_2018,PMID:30296526,"PanNET — Alvarez 2018 (GSE118014, 33 samples log2-TPM); octreotide/lanreotide, 177Lu-DOTATATE, everolimus",False,False,NET,,none,,none,
NET_MIDGUT,Midgut / Small Bowel Carcinoid,neuroendocrine,small_intestine,solid_primary,NET,type,anatomic_type,True,,GEO,GSE98894_ALVAREZ_2018_NET,PMID:30013182,"Serotonin-secreting; 177Lu-DOTATATE; reference cohort is GSE98894 liver metastases (not primary), tagged tumor_origin=metastasis",False,False,NET,,none,,none,
NET_RECTAL,Rectal Neuroendocrine Tumor,neuroendocrine,rectum,solid_primary,NET,type,anatomic_type,True,,GEO,GSE98894_ALVAREZ_2018_NET,PMID:30013182,Most common GI-NET in some Asian cohorts; reference is GSE98894 liver mets (tumor_origin=metastasis),False,False,NET,,none,,none,
NET_LUNG,Lung Typical/Atypical Carcinoid,neuroendocrine,lung,solid_primary,NET,type,anatomic_type,True,,GEO,DRMETRICS_ALCALA_2019_LNEN,PMID:31431620,Low-grade lung NE; distinct from SCLC,False,False,NET,,none,,none,
NET_NONPANCREATIC,Nonpancreatic Neuroendocrine Tumor,neuroendocrine,neuroendocrine,solid_primary,NET,evidence_scope,source_scope,False,,curated,LITERATURE_CURATED,PMID:31969335,Source-scope aggregate for DART/SWOG S1609 low/intermediate-grade nonpancreatic NET ICI estimates; not an expression cohort and not site-isolated.,True,False,NET,,none,,none,
NEN_EXTRAPULMONARY_HG,Extrapulmonary High-Grade Neuroendocrine Neoplasm,neuroendocrine,neuroendocrine,solid_primary,NEN,evidence_scope,source_scope,False,,curated,LITERATURE_CURATED,PMID:32152503,Source-scope aggregate for pembrolizumab in extrapulmonary high-grade/G3 NEN; explicitly excludes pulmonary LCNEC/SCLC and Merkel cell; not an expression cohort or classification target.,True,False,NEN_G3,high,none,,none,
NEC,Neuroendocrine Carcinoma,neuroendocrine,neuroendocrine,solid_primary,NEN,grouping,computed_union,False,,computed,,,"Poorly differentiated/high-grade neuroendocrine carcinoma umbrella pooling SCLC, Merkel carcinoma, and pulmonary LCNEC expression-bearing leaves; non-classification rollup under NEN.",True,False,NEC,high,none,,none,
NEC_LUNG,Pulmonary High-grade Neuroendocrine Carcinoma,neuroendocrine,lung,solid_primary,NEC,grouping,computed_union,False,,computed,,PMID:33203751,Pulmonary high-grade neuroendocrine carcinoma tier for LCNEC; SCLC remains a sibling under NEC because it has its own cohort and molecular subtypes.,True,False,NEC,high,none,,none,
NEC_LUNG_LARGECELL,Large-Cell Neuroendocrine Carcinoma Lung,neuroendocrine,lung,solid_primary,NEC_LUNG,type,histologic_type,True,,GEO,DRMETRICS_ALCALA_2019_LNEN,PMID:33203751,Intermediate between carcinoid and SCLC,False,False,NEC,high,none,,none,
SCLC,Small Cell Lung Cancer,neuroendocrine,lung,solid_primary,NEC,type,primary_type,True,,University of Cologne,SCLC_UCOLOGNE_2015,,Rudin/George 2015; ASCL1/NEUROD1/POU2F3/YAP1 subtypes,False,False,NEC,high,none,,none,
SCLC_ASCL1,SCLC ASCL1-dominant,neuroendocrine,lung,solid_primary,SCLC,molecular_subtype,transcriptional_subtype,True,,University of Cologne,SCLC_UCOLOGNE_2015_TF_DOMINANCE,PMID:26168399,Classic neuroendocrine; DLL3 target,False,False,NEC,high,none,,none,
SCLC_NEUROD1,SCLC NEUROD1-dominant,neuroendocrine,lung,solid_primary,SCLC,molecular_subtype,transcriptional_subtype,True,,University of Cologne,SCLC_UCOLOGNE_2015_TF_DOMINANCE,PMID:26168399,Neural; ASCL1-low,False,False,NEC,high,none,,none,
SCLC_POU2F3,SCLC POU2F3-dominant,neuroendocrine,lung,solid_primary,SCLC,molecular_subtype,transcriptional_subtype,True,,University of Cologne,SCLC_UCOLOGNE_2015_TF_DOMINANCE,PMID:26168399,Tuft-cell-like; non-NE,False,False,NEC,high,none,,none,
SCLC_YAP1,SCLC YAP1-dominant,neuroendocrine,lung,solid_primary,SCLC,molecular_subtype,transcriptional_subtype,True,,University of Cologne,SCLC_UCOLOGNE_2015_TF_DOMINANCE,PMID:26168399,Inflamed; proposed IO-responsive,False,False,NEC,high,none,,none,
NEC_MERKEL,Merkel Cell Carcinoma,neuroendocrine,skin,solid_primary,NEC,type,primary_type,True,,GEO,GSE235092_MERKEL_2024,,MCPyV+ vs UV; avelumab-sensitive,False,False,NEC,high,defining,MCPyV,none,
NUTM,NUT Carcinoma,carcinoma-other,midline_structures,solid_primary,,type,primary_type,True,,UNC,UNC_NUTM1,,NUT-BRD3/4 fusion; midline aggressive; UNC/Tempus n=3 case series (only per-sample NUTM expression; public NUT data is cell-line/controlled-access),False,False,,,none,,defining,BRD4-NUTM1; BRD3-NUTM1; NSD3-NUTM1; ZNF532-NUTM1
SGC,Salivary Gland Carcinoma,salivary,salivary_gland,solid_primary,,grouping,source_scope,True,,curated,LITERATURE_CURATED,PMID:35777186,Source-scope aggregate for pan-salivary ICI estimates; histology-specific salivary types remain separate expression/biology codes.,True,False,,,none,,none,
ACINIC,Acinic Cell Carcinoma,salivary,salivary_gland,solid_primary,SGC,type,histologic_type,True,,curated,LITERATURE_CURATED,,Salivary gland low-grade,False,False,,,none,,defining,HTN3-MSANTD3
ADCC,Adenoid Cystic Carcinoma,salivary,salivary_gland,solid_primary,SGC,type,histologic_type,True,,GEO,GSE294016_BARTL_2025_SGC,PMID:40506428,MYB-NFIB; salivary + lacrimal + breast,False,False,,,none,,defining,MYB-NFIB; MYBL1-NFIB
MTC,Medullary Thyroid Carcinoma,endocrine-neuroendocrine,thyroid_c_cell,solid_primary,,type,primary_type,True,,GEO,GSE32662_PRINGLE_2012_MTC,GSE32662,Calcitonin; RET-driven; separate from TCGA THCA (follicular-cell). Pringle 2012 GPL6480 Agilent microarray TPM-proxy (n=52 hybridizations across 49 primary cases). CALCA p95 ~3400 TPM-proxy confirms cohort.,False,False,,,none,,none,
NPC,Nasopharyngeal Carcinoma,carcinoma-head-neck,nasopharynx,solid_primary,,type,primary_type,True,,Treehouse,TREEHOUSE_POLYA_25_01,,EBV-driven; distinct from TCGA HNSC,False,False,,,defining,EBV,none,
HCL,Hairy Cell Leukemia,heme-bcell,spleen_marrow,heme_marrow,,type,primary_type,True,,curated,LITERATURE_CURATED,,BRAF V600E; vemurafenib effective,False,False,,,none,,none,
PCN,Plasmacytoma,heme-plasma,soft_tissue,solid_primary,MM,type,clinical_type,True,,curated,LITERATURE_CURATED,,Solitary plasma-cell mass (solitary bone / extramedullary),False,False,,,none,,none,
SARC_EPITH,Epithelioid Sarcoma,sarcoma,soft_tissue,solid_primary,SARC,type,parented_type,True,,Treehouse,TREEHOUSE_POLYA_25_01,PMID:32105697,SMARCB1/INI1 loss; tazemetostat (EZH2 inhibitor) approved 2020,False,False,,,none,,none,
SARC_DFSP,Dermatofibrosarcoma Protuberans,sarcoma,skin,solid_primary,SARC,type,parented_type,True,,curated,LITERATURE_CURATED,PMID:19805687,COL1A1-PDGFB fusion; imatinib approved; surgery-first,False,False,,,none,,defining,COL1A1-PDGFB
SARC_ASPS,Alveolar Soft Part Sarcoma,sarcoma,soft_tissue,solid_primary,SARC,type,parented_type,True,,Treehouse,TREEHOUSE_POLYA_25_01,PMID:36516078,ASPSCR1-TFE3; atezolizumab approved 2022; anti-angiogenic TKIs,False,False,,,none,,defining,ASPSCR1-TFE3
SARC_CCS,Clear Cell Sarcoma,sarcoma,soft_tissue,solid_primary,SARC,type,parented_type,True,,GEO,GSE248751_HUMAN_CCS_2023,PMID:14576204,EWSR1-ATF1 fusion; melanoma-like biology but not BRAF-driven,False,False,,,none,,defining,EWSR1-ATF1; EWSR1-CREB1
SARC_IFS,Infantile Fibrosarcoma,sarcoma,soft_tissue,solid_primary,SARC,type,parented_type,True,,Treehouse,TREEHOUSE_POLYA_25_01,PMID:29466156,ETV6-NTRK3; larotrectinib / entrectinib approved,False,True,,,none,,defining,ETV6-NTRK3
SARC_EHE,Epithelioid Hemangioendothelioma,sarcoma,vascular_endothelium,primary_vascular,SARC,type,parented_type,True,,Treehouse,TREEHOUSE_POLYA_25_01,PMID:22265237,WWTR1-CAMTA1 (majority) or YAP1-TFE3; indolent-to-aggressive,False,False,,,none,,defining,WWTR1-CAMTA1; YAP1-TFE3
SARC_PEC,PEComa (Perivascular Epithelioid Cell Tumor),sarcoma,soft_tissue,solid_primary,SARC,type,parented_type,True,,GEO,GSE328026_PECOMA_2026,PMID:34133196,TSC1/TSC2 loss or TFE3 fusion; nab-sirolimus (FYARRO) approved 2021,False,False,,,none,,subtype,SFPQ-TFE3; DVL2-TFE3
SARC_KS,Kaposi Sarcoma,sarcoma,vascular_endothelium,primary_vascular,SARC,type,parented_type,True,,GEO,GSE241095_KS_SKIN_2023,PMID:7997879,HHV8-driven endothelial; immune-reconstitution / chemo,False,False,,,defining,HHV8,none,
SARC_MYXFIB,Myxofibrosarcoma,sarcoma,soft_tissue,solid_primary,SARC,type,parented_type,True,,Treehouse,TREEHOUSE_POLYA_25_01,PMID:21304266,Previously MFH myxoid-type; elderly limbs; surgery + chemo,False,False,,,none,,none,
SARC_SFT,Solitary Fibrous Tumor,sarcoma,soft_tissue,solid_primary,SARC,type,parented_type,True,,curated,LITERATURE_CURATED,PMID:23313955,NAB2-STAT6 fusion; previously hemangiopericytoma,False,False,,,none,,defining,NAB2-STAT6
SARC_IMT,Inflammatory Myofibroblastic Tumor,sarcoma,soft_tissue,solid_primary,SARC,type,parented_type,True,,Treehouse,TREEHOUSE_POLYA_25_01,PMID:20147977,"ALK fusion in ~50% (crizotinib), also ROS1/NTRK/RET fusion subsets",False,False,,,none,,defining,TPM3-ALK; TPM4-ALK; EML4-ALK; RANBP2-ALK; CARS1-ALK; ETV6-NTRK3; TFG-ROS1
SARC_GCTB,Giant Cell Tumor of Bone,sarcoma,bone,primary_bone,SARC,type,parented_type,True,,curated,LITERATURE_CURATED,PMID:23940309,H3F3A G34W mutation; denosumab approved for unresectable,False,False,,,none,,none,
SARC_ESS_LG,Low-grade Endometrial Stromal Sarcoma,sarcoma,endometrium,solid_primary,SARC_ESS,type,parented_type,True,,curated,LITERATURE_CURATED,PMID:11371647,JAZF1-SUZ12 or similar; hormone-responsive; aromatase inhibitors,False,False,,,none,,defining,JAZF1-SUZ12; JAZF1-PHF1; EPC1-PHF1
SARC_ESS_HG,High-grade Endometrial Stromal Sarcoma,sarcoma,endometrium,solid_primary,SARC_ESS,type,parented_type,True,,curated,LITERATURE_CURATED,PMID:22354060,YWHAE-NUTM2 or BCOR rearrangement; aggressive; chemo,False,False,,,none,,defining,YWHAE-NUTM2A; YWHAE-NUTM2B; ZC3H7B-BCOR
SARC_LGFMS,Low-grade Fibromyxoid Sarcoma,sarcoma,soft_tissue,solid_primary,SARC,type,parented_type,True,,GEO,GSE75885_DELESPAUL_2017,PMID:17592252,FUS-CREB3L2 or FUS-CREB3L1; late recurrences,False,False,,,none,,defining,FUS-CREB3L2; FUS-CREB3L1; EWSR1-CREB3L1
SARC_EMC,Extraskeletal Myxoid Chondrosarcoma,sarcoma,soft_tissue,solid_primary,SARC,type,parented_type,True,,curated,LITERATURE_CURATED,PMID:17934065,EWSR1-NR4A3 (majority); distinct from skeletal chondrosarcoma,False,False,,,none,,defining,EWSR1-NR4A3; TAF15-NR4A3; TCF12-NR4A3
SARC_PLEOLPS,Pleomorphic Liposarcoma,sarcoma,adipose,primary_adipose,SARC_LPS,type,parented_type,True,,GEO,GSE75885_DELESPAUL_2017,PMID:18703001,No pathognomonic fusion; aggressive; differs from WDLPS/DDLPS/myxoid,False,False,,,none,,none,
SARC_MPLPS,Myxoid Pleomorphic Liposarcoma,sarcoma,adipose,primary_adipose,SARC_LPS,type,histologic_type,False,,curated,LITERATURE_CURATED,DOI:10.1038/s41379-021-00862-2,"Distinct malignant WHO adipocytic entity that is common in pediatric and AYA patients but is not age-restricted. It lacks DDIT3 rearrangement and MDM2 amplification and instead has a complex copy-number profile with recurrent RB1/13q14 loss. No verified open RNA expression cohort; the 12-case Creytens study used FISH, shallow whole-genome sequencing, and DNA methylation, not RNA.",False,True,,high,none,,none,
SARC_RMS_PRMS,Pleomorphic Rhabdomyosarcoma,sarcoma,skeletal_muscle,primary_skeletal_muscle,SARC_RMS,molecular_subtype,histologic_molecular_subtype,True,,Treehouse,TREEHOUSE_POLYA_25_01,PMID:18829983,Adult; distinct from pediatric ERMS/ARMS; no fusion,False,False,,,none,,none,
SARC_RMS_SSRMS,Spindle Cell / Sclerosing Rhabdomyosarcoma,sarcoma,skeletal_muscle,primary_skeletal_muscle,SARC_RMS,molecular_subtype,fusion_molecular_subtype,True,,Treehouse,TREEHOUSE_POLYA_25_01,PMID:24054308,MYOD1 (congenital) or VGLL2/NCOA2 (infantile); distinct from ERMS/ARMS,False,True,,,none,,defining,VGLL2-NCOA2; TEAD1-NCOA2; EWSR1-TFCP2; FUS-TFCP2; SRF-NCOA2
SARC_LPS_UNSPEC,Liposarcoma (Unspecified / Aggregate),sarcoma,adipose,primary_adipose,SARC_LPS,evidence_scope,source_scope,False,,Treehouse,TREEHOUSE_POLYA_25_01,,Treehouse v25.01 mixed LPS source bucket (n=92); contributes data to the SARC_LPS union but is not a biological entity or classification target.,True,False,,,none,,none,
SARC_CIC,CIC-rearranged Sarcoma,sarcoma,soft_tissue,solid_primary,SARC_ROUND_CELL,type,parented_type,True,,curated,,,Ewing-like undifferentiated round cell sarcoma (Treehouse n=5 candidate; not yet built); CIC-DUX4 majority; ETV4/PEA3 + WT1 activation; more aggressive than Ewing,False,False,,,none,,defining,CIC-DUX4; CIC-FOXO4; CIC-NUTM1
SARC_BCOR,BCOR-rearranged Sarcoma,sarcoma,soft_tissue,solid_primary,SARC_ROUND_CELL,type,parented_type,True,,curated,,,Undifferentiated round cell sarcoma (Treehouse n=2 candidate; not yet built); BCOR-CCNB3 (Xp11) majority; BCOR-ITD in infantile,False,False,,,none,,defining,BCOR-CCNB3; ZC3H7B-BCOR; BCOR-MAML3
SARC_MYOEP,Soft Tissue Myoepithelial Carcinoma,sarcoma,soft_tissue,solid_primary,SARC,type,parented_type,True,,curated,,,Myoepithelioma/myoepithelial carcinoma (Treehouse n=5 candidate; not yet built); EWSR1-POU5F1/PBX1 or FUS-POU5F1,False,False,,,none,,defining,EWSR1-POU5F1; FUS-POU5F1; EWSR1-PBX1; EWSR1-ZNF444
SARC_SMARCA4,SMARCA4-deficient Thoracic Sarcoma,sarcoma,thorax,solid_primary,SARC,type,parented_type,True,,curated,,,SMARCA4/BRG1 loss (Treehouse n=13 candidate; not yet built); undifferentiated thoracic; smoking-associated; not fusion-driven,False,False,,,none,,none,
BCC,Basal Cell Carcinoma,carcinoma-skin,epidermis,solid_primary,,type,primary_type,True,,curated,LITERATURE_CURATED,PMID:33997165,Hedgehog-driven (PTCH1/SMO); most common human cancer; very high UV TMB. Public bulk RNA-seq GSE125285/GSE58377 not yet built into reference.,False,False,,,none,,none,
cSCC,Cutaneous Squamous Cell Carcinoma,carcinoma-skin,epidermis,solid_primary,,type,primary_type,True,,curated,LITERATURE_CURATED,PMID:32238906,UV-driven keratinocyte SCC; very high TMB; TP53/CDKN2A/NOTCH1 loss. GSE125285 (SCC arm) not yet built.,False,False,,,none,,none,
VSCC,Vulvar Squamous Cell Carcinoma,carcinoma-gu,vulva,solid_primary,,type,primary_type,True,,curated,LITERATURE_CURATED,PMID:38898085,HPV-dependent and HPV-independent (TP53) pathways; SRA PRJNA994918 (n=9) not yet built.,False,False,,,subset,HPV,none,
PENSCC,Penile Squamous Cell Carcinoma,carcinoma-gu,penis,solid_primary,,type,primary_type,True,,curated,LITERATURE_CURATED,PMID:25908946,HPV-variable SCC; GSE57955 microarray (n=39) not yet built.,False,False,,,subset,HPV,none,
VAGC,Vaginal Carcinoma,carcinoma-gu,vagina,solid_primary,,type,primary_type,True,,curated,LITERATURE_CURATED,,Rare HPV-associated SCC; no dedicated public bulk RNA-seq cohort (proxy cervical/vulvar).,False,False,,,defining,HPV,none,
URETH,Urethral Carcinoma,carcinoma-gu,urethra,solid_primary,,type,primary_type,True,,curated,LITERATURE_CURATED,,Heterogeneous urothelial/SCC/adeno; no public bulk RNA-seq cohort (proxy TCGA-BLCA).,False,False,,,none,,none,
FTC,Fallopian Tube Carcinoma,carcinoma-gu,fallopian_tube,solid_primary,OV,type,anatomic_type,True,,curated,LITERATURE_CURATED,,HGSC of tubal origin; not separable from ovarian in public data (pooled in TCGA-OV).,False,False,,,none,,none,
PPC,Primary Peritoneal Carcinoma,carcinoma-gu,peritoneum_serous,solid_primary,OV,type,anatomic_type,True,,curated,LITERATURE_CURATED,,HGSC of peritoneal origin; pooled in TCGA-OV.,False,False,,,none,,none,
ANSC,Anal Squamous Cell Carcinoma,carcinoma-gi,anal_canal,solid_primary,,type,primary_type,True,,curated,LITERATURE_CURATED,PMID:39024554,HPV-driven anal SCC; GSE253560 bulk RNA-seq (n=70) not yet built.,False,False,,,defining,HPV,none,
GBC,Gallbladder Carcinoma,carcinoma-gi,gallbladder,solid_primary,BTC,type,anatomic_type,True,,curated,LITERATURE_CURATED,PMID:33578820,Distinct from intrahepatic CHOL; ERBB2/TP53; DDBJ SAMD00254734-781 (n=36) not yet built.,False,False,,,none,,none,
EPN,Ependymoma,cns-ependymal,ependyma,solid_primary,,type,primary_type,True,,curated,LITERATURE_CURATED,PMID:25965575,Molecular groups (ZFTA/RELA-fusion supratentorial; PF-A/PF-B); OpenPBTA/CBTN + GSE64415 not yet built.,False,True,,,none,,none,
CRANIO,Craniopharyngioma,cns-sellar,sellar_suprasellar,solid_primary,,type,primary_type,True,,curated,LITERATURE_CURATED,PMID:28859336,Adamantinomatous (CTNNB1) vs papillary (BRAF V600E); OpenPBTA/CBTN + GSE94349 not yet built.,False,True,,,none,,none,
DIPG,Diffuse Midline Glioma H3 K27-altered,cns-glial,pons_midline,solid_primary,,type,primary_type,True,,curated,LITERATURE_CURATED,PMID:29954445,H3 K27M (H3F3A/HIST1H3B); pediatric brainstem DMG; OpenPBTA/PNOC003 + GSE115397 not yet built.,False,True,,,none,,none,
ASTB,Astroblastoma (MN1-altered),cns-glial,cerebrum,solid_primary,,type,primary_type,True,,curated,LITERATURE_CURATED,PMID:36604386,MN1::BEND2 fusion-defined high-grade neuroepithelial tumor (WHO CNS5; early-ependymal/astroblastoma-like); cerebral; young/female-predominant; no public expression cohort,False,True,,,none,,defining,MN1-BEND2
MENINGIOMA,Meningioma,cns-meningeal,meninges,solid_primary,,type,primary_type,True,,curated,LITERATURE_CURATED,PMID:34185076,Anchors the MENINGIOMA family panel (SSTR2A+ ~95%/EMA+); NF2 / SMARCE1 / KLF4-TRAF7 molecular subtypes; not yet built.,False,False,,,none,,none,
CHOROID_PLEXUS,Choroid Plexus Tumor,cns-choroid,choroid_plexus,solid_primary,,type,primary_type,True,,curated,LITERATURE_CURATED,PMID:34185076,Anchors the CHOROID_PLEXUS family panel (TTR+/KCNJ13+/AQP1+ epithelium); papilloma vs carcinoma; not yet built.,False,True,,,none,,none,
PITNET,Pituitary Neuroendocrine Tumor,endocrine-neuroendocrine,pituitary,solid_primary,,type,primary_type,True,,curated,LITERATURE_CURATED,,PIT1/TPIT/SF1 transcription-factor lineages; hormone-secreting; GSE147786 not yet built.,False,False,,,none,,none,
ALCL,Anaplastic Large Cell Lymphoma,heme-tcell,lymph_node,heme_nodal,,type,primary_type,True,,curated,LITERATURE_CURATED,PMID:8122112,"CD30+ T-cell lymphoma; ALK+ (NPM1-ALK, younger) vs ALK- subtypes; brentuximab vedotin (anti-CD30); ALK inhibitors for ALK+",False,False,,,none,,subtype,NPM1-ALK
COAD_MSI,MSI-H Colon Adenocarcinoma,carcinoma-gi,colon,solid_primary,COAD,molecular_subtype,molecular_status_subtype,True,,TCGA/MSI,TREEHOUSE_POLYA_25_01_TCGA_COADREAD_MSI,PMID:26028255,MSI-H/dMMR; immune-hot; aPD1-responsive (~45% ORR); MSIsensor>=10,False,False,,,none,,none,
COAD_MSS,MSS Colon Adenocarcinoma,carcinoma-gi,colon,solid_primary,COAD,molecular_subtype,molecular_status_subtype,True,,TCGA/MSI,TREEHOUSE_POLYA_25_01_TCGA_COADREAD_MSI,PMID:26028255,Microsatellite-stable; immune-cold; aPD1-refractory (~0% ORR),False,False,,,none,,none,
READ_MSI,MSI-H Rectum Adenocarcinoma,carcinoma-gi,rectum,solid_primary,READ,molecular_subtype,molecular_status_subtype,True,,TCGA/MSI,TREEHOUSE_POLYA_25_01_TCGA_COADREAD_MSI,PMID:26028255,MSI-H/dMMR rectal; small subset,False,False,,,none,,none,
READ_MSS,MSS Rectum Adenocarcinoma,carcinoma-gi,rectum,solid_primary,READ,molecular_subtype,molecular_status_subtype,True,,TCGA/MSI,TREEHOUSE_POLYA_25_01_TCGA_COADREAD_MSI,PMID:26028255,Microsatellite-stable rectal; immune-cold,False,False,,,none,,none,
STAD_MSI,MSI-H Stomach Adenocarcinoma,carcinoma-gi,stomach,solid_primary,STAD,molecular_subtype,molecular_status_subtype,True,,curated,LITERATURE_CURATED,PMID:25079317,TCGA gastric MSI subtype; MMR-deficient/MSI-H; expression reference from TCGA-STAD Treehouse PolyA samples split by cBioPortal molecular subtype.,False,False,,,none,,none,
STAD_EBV,EBV-positive Stomach Adenocarcinoma,carcinoma-gi,stomach,solid_primary,STAD,molecular_subtype,viral_status_subtype,True,,curated,LITERATURE_CURATED,PMID:25079317,TCGA gastric EBV-positive subtype; immune-hot non-MSI confounder for binary MSI/MSS RNA classifiers; expression reference from TCGA-STAD Treehouse PolyA samples split by cBioPortal molecular subtype.,False,False,,,defining,EBV,none,
STAD_CIN,Chromosomal Instability Stomach Adenocarcinoma,carcinoma-gi,stomach,solid_primary,STAD,molecular_subtype,molecular_status_subtype,True,,curated,LITERATURE_CURATED,PMID:25079317,TCGA gastric chromosomal-instability subtype; pMMR/MSS-like negative for MMRd-vs-pMMR classifiers; expression reference from TCGA-STAD Treehouse PolyA samples split by cBioPortal molecular subtype.,False,False,,,none,,none,
STAD_GS,Genomically Stable Stomach Adenocarcinoma,carcinoma-gi,stomach,solid_primary,STAD,molecular_subtype,molecular_status_subtype,True,,curated,LITERATURE_CURATED,PMID:25079317,TCGA gastric genomically-stable subtype; pMMR/MSS-like negative for MMRd-vs-pMMR classifiers; expression reference from TCGA-STAD Treehouse PolyA samples split by cBioPortal molecular subtype.,False,False,,,none,,none,
SARC_RMS,Rhabdomyosarcoma,sarcoma,skeletal_muscle,solid_primary,SARC,type,computed_union,True,,computed,,PMID:24436047,One-level tier pooling the RMS molecular atoms (ERMS/ARMS/PRMS/SSRMS) via cancer-cohort-aggregates; no single umbrella TMB (atoms span a range).,True,False,,,none,,none,
SARC_LPS,Liposarcoma,sarcoma,adipose,solid_primary,SARC,type,computed_union,True,,computed,,PMID:24071852,One-level tier containing the liposarcoma entities (DDLPS/WDLPS/MYXLPS/PLEOLPS/MPLPS) and the LPS_UNSPEC source bucket; only members with expression matrices contribute values.,True,False,,,none,,none,
SARC_ESS,Endometrial Stromal Sarcoma,sarcoma,endometrium,solid_primary,SARC,type,computed_union,True,,computed,,PMID:11371647,One-level tier pooling low- and high-grade ESS (SARC_ESS_LG/HG).,True,False,,,none,,none,
SARC_ROUND_CELL,Undifferentiated Small Round Cell Sarcomas,sarcoma,soft_tissue,solid_primary,SARC,grouping,ontology_group,False,,curated,LITERATURE_CURATED,,Non-selectable WHO molecular grouping for Ewing; CIC-rearranged; BCOR-altered; and EWSR1-non-ETS round-cell sarcomas. DSRCT remains under tumours of uncertain differentiation.,False,False,,,none,,none,
SARC_EWSR1_NONETS,Round Cell Sarcoma with EWSR1-non-ETS Fusions,sarcoma,soft_tissue,solid_primary,SARC_ROUND_CELL,type,molecularly_defined_type,False,,curated,LITERATURE_CURATED,PMID:30994538;PMID:31189996;PMID:21113140,Distinct WHO round-cell entity; no verified open expression cohort. Do not collapse into Ewing sarcoma.,False,False,,,none,,defining,EWSR1-NFATC2; EWSR1-PATZ1; EWSR1-SMARCA5
SARC_CHON_PERIOSTEAL,Periosteal Chondrosarcoma,sarcoma,cartilage,primary_cartilage,SARC_CHON,type,histologic_type,False,,curated,LITERATURE_CURATED,,Named WHO chondrosarcoma entity without an independently verified expression cohort.,False,False,,,none,,none,
SARC_CHON_CLEAR_CELL,Clear Cell Chondrosarcoma,sarcoma,cartilage,primary_cartilage,SARC_CHON,type,histologic_type,False,,curated,LITERATURE_CURATED,,Named WHO chondrosarcoma entity without an independently verified expression cohort.,False,False,,,none,,none,
SARC_CHON_MESENCHYMAL,Mesenchymal Chondrosarcoma,sarcoma,cartilage,primary_cartilage,SARC_CHON,type,molecularly_defined_type,False,,curated,LITERATURE_CURATED,PMID:22387997,HEY1::NCOA2 is characteristic of this entity and must not annotate broad chondrosarcoma.,False,False,,,none,,defining,HEY1-NCOA2; IRF2BP2-CDX1
SARC_CHON_DEDIFF,Dedifferentiated Chondrosarcoma,sarcoma,cartilage,primary_cartilage,SARC_CHON,type,histologic_type,False,,curated,LITERATURE_CURATED,,Named WHO chondrosarcoma entity without an independently verified expression cohort.,False,False,,high,none,,none,
SARC_OS_LOW_GRADE_CENTRAL,Low-grade Central Osteosarcoma,sarcoma,bone,primary_bone,SARC_OS,type,histologic_type,False,,curated,LITERATURE_CURATED,,Named WHO osteosarcoma entity; the broad pediatric/TARGET-like cohort does not independently validate this child.,False,False,,low,none,,none,
SARC_OS_CONVENTIONAL,Conventional Osteosarcoma,sarcoma,bone,primary_bone,SARC_OS,type,histologic_type,False,,curated,LITERATURE_CURATED,,Named WHO osteosarcoma entity; the broad pediatric/TARGET-like cohort does not independently validate this child.,False,False,,,none,,none,
SARC_OS_PAROSTEAL,Parosteal Osteosarcoma,sarcoma,bone,primary_bone,SARC_OS,type,histologic_type,False,,curated,LITERATURE_CURATED,,Named WHO osteosarcoma entity; the broad pediatric/TARGET-like cohort does not independently validate this child.,False,False,,low,none,,none,
SARC_OS_PERIOSTEAL,Periosteal Osteosarcoma,sarcoma,bone,primary_bone,SARC_OS,type,histologic_type,False,,curated,LITERATURE_CURATED,,Named WHO osteosarcoma entity; the broad pediatric/TARGET-like cohort does not independently validate this child.,False,False,,intermediate,none,,none,
SARC_OS_HIGH_GRADE_SURFACE,High-grade Surface Osteosarcoma,sarcoma,bone,primary_bone,SARC_OS,type,histologic_type,False,,curated,LITERATURE_CURATED,,Named WHO osteosarcoma entity; the broad pediatric/TARGET-like cohort does not independently validate this child.,False,False,,high,none,,none,
SARC_OS_SECONDARY,Secondary Osteosarcoma,sarcoma,bone,primary_bone,SARC_OS,type,etiologic_type,False,,curated,LITERATURE_CURATED,,Named WHO osteosarcoma entity; prior disease or treatment context is not inferred from the broad cohort.,False,False,,,none,,none,
SARC_OS_EXTRASKELETAL,Extraskeletal Osteosarcoma,sarcoma,soft_tissue,solid_primary,SARC_OS,type,site_qualified_type,False,,curated,LITERATURE_CURATED,,Named WHO soft-tissue chondro-osseous entity; the broad bone cohort does not independently validate this child.,False,False,,,none,,none,
SARC_CHOR_CONVENTIONAL,Conventional Chordoma,sarcoma,notochord,primary_notochord,SARC_CHOR,type,histologic_type,False,,curated,LITERATURE_CURATED,,Named WHO chordoma entity; the broad RiboD cohort does not independently validate this child.,False,False,,,none,,none,
SARC_CHOR_DEDIFF,Dedifferentiated Chordoma,sarcoma,notochord,primary_notochord,SARC_CHOR,type,histologic_type,False,,curated,LITERATURE_CURATED,,Named WHO chordoma entity; the broad RiboD cohort does not independently validate this child.,False,False,,high,none,,none,
SARC_CHOR_POORLY_DIFF,Poorly Differentiated Chordoma,sarcoma,notochord,primary_notochord,SARC_CHOR,type,molecularly_defined_type,False,,curated,LITERATURE_CURATED,,Distinct often SMARCB1-deficient WHO entity; no independently verified expression cohort.,False,True,,high,none,,none,
SARC_SEF,Sclerosing Epithelioid Fibrosarcoma,sarcoma,soft_tissue,solid_primary,SARC,type,molecularly_defined_type,False,,curated,LITERATURE_CURATED,PMID:24441665;PMID:31675134;PMID:28569045,Distinct aggressive entity related to but not identical with low-grade fibromyxoid sarcoma; no verified own expression cohort.,False,False,,,none,,defining,EWSR1-CREB3L1; EWSR1-CREB3L2; EWSR1-CREB3L3
SARC_NTRK_SPINDLE,NTRK-rearranged Spindle Cell Neoplasm,sarcoma,soft_tissue,solid_primary,SARC,type,molecularly_defined_type,False,,curated,LITERATURE_CURATED,PMID:35149769;PMID:38525823,WHO emerging entity spanning infantile to adult disease; no verified own expression cohort.,False,True,,,none,,defining,TPM3-NTRK1; LMNA-NTRK1; STRN-NTRK2; SQSTM1-NTRK3
SARC_INTIMAL,Intimal Sarcoma,sarcoma,vascular_endothelium,primary_vascular,SARC,type,histologic_type,False,,curated,LITERATURE_CURATED,,Malignant WHO entity of large vessels and heart; no verified own expression cohort.,False,False,,,none,,none,
SARC_ECTOMES,Ectomesenchymoma,sarcoma,skeletal_muscle,primary_skeletal_muscle,SARC,type,histologic_type,False,,curated,LITERATURE_CURATED,,Biphenotypic malignant WHO entity with rhabdomyoblastic and neural elements; no verified own cohort.,False,True,,,none,,none,
SARC_ILMS,Inflammatory Leiomyosarcoma,sarcoma,smooth_muscle,primary_smooth_muscle,SARC,type,histologic_type,False,,curated,LITERATURE_CURATED,,Distinct WHO smooth-muscle entity; no verified own expression cohort.,False,False,,,none,,none,
SARC_AFS,Adult Fibrosarcoma NOS,sarcoma,soft_tissue,solid_primary,SARC,type,histologic_type,False,,curated,LITERATURE_CURATED,,Diagnosis-of-exclusion WHO fibroblastic malignancy; no verified own expression cohort.,False,False,,,none,,none,
SARC_ICMT,Intracranial Mesenchymal Tumour,sarcoma,cerebrum,solid_primary,SARC,type,molecularly_defined_type,False,,curated,LITERATURE_CURATED,,Cross-book WHO CNS mesenchymal tumour entity; no verified own expression cohort.,False,True,,,none,,none,
SARC_TGCT_MALIGNANT,Malignant Tenosynovial Giant Cell Tumour,sarcoma,soft_tissue,solid_primary,SARC,type,histologic_type,False,,curated,LITERATURE_CURATED,,Rare malignant counterpart of tenosynovial giant cell tumour; no verified own cohort.,False,False,,,none,,none,
SARC_GCT_MALIGNANT,Malignant Granular Cell Tumour,sarcoma,nerve_sheath,primary_nerve_sheath,SARC,type,histologic_type,False,,curated,LITERATURE_CURATED,,Rare malignant peripheral nerve sheath entity; no verified own cohort.,False,False,,,none,,none,
SARC_PERINEURIOMA_MALIGNANT,Malignant Perineurioma,sarcoma,nerve_sheath,primary_nerve_sheath,SARC,type,histologic_type,False,,curated,LITERATURE_CURATED,,Rare malignant peripheral nerve sheath entity; no verified own cohort.,False,False,,,none,,none,
SARC_GLOMUS_MALIGNANT,Malignant Glomus Tumour,sarcoma,soft_tissue,solid_primary,SARC,type,histologic_type,False,,curated,LITERATURE_CURATED,,Malignant pericytic WHO entity; no verified own cohort.,False,False,,,none,,none,
SARC_PMT_MALIGNANT,Malignant Phosphaturic Mesenchymal Tumour,sarcoma,soft_tissue,solid_primary,SARC,type,molecularly_defined_type,False,,curated,LITERATURE_CURATED,PMID:31066955,Rare malignant counterpart; FN1-FGFR1 is associated with phosphaturic mesenchymal tumours but does not define malignant behavior; no verified own expression cohort.,False,False,,,none,,subtype,FN1-FGFR1
SARC_OFMT_MALIGNANT,Malignant Ossifying Fibromyxoid Tumour,sarcoma,soft_tissue,solid_primary,SARC,type,histologic_type,False,,curated,LITERATURE_CURATED,,Rare malignant counterpart; no verified own expression cohort.,False,False,,,none,,subtype,EP400-PHF1
SARC_MIFS,Myxoinflammatory Fibroblastic Sarcoma,sarcoma,soft_tissue,solid_primary,SARC,type,histologic_type,False,,curated,LITERATURE_CURATED,,Rarely metastasizing WHO fibroblastic entity; no verified own cohort.,False,False,,,none,,subtype,TGFBR3-MGEA5
SARC_SCD34FT,Superficial CD34-positive Fibroblastic Tumour,sarcoma,skin,solid_primary,SARC,type,histologic_type,False,,curated,LITERATURE_CURATED,,Rarely metastasizing WHO fibroblastic entity; no verified own cohort.,False,False,,,none,,subtype,PRDM10-rearrangement
SARC_MYOFIBROBLASTIC,Myofibroblastic Sarcoma,sarcoma,soft_tissue,solid_primary,SARC,type,histologic_type,False,,curated,LITERATURE_CURATED,,Registry row covers the low-grade myofibroblastic sarcoma WHO entity; no verified own cohort.,False,False,,low,none,,none,
SARC_EIMS,Epithelioid Inflammatory Myofibroblastic Sarcoma,sarcoma,soft_tissue,solid_primary,SARC_IMT,type,molecularly_defined_type,False,,curated,LITERATURE_CURATED,PMID:26139079,Aggressive epithelioid ALK-rearranged subtype of inflammatory myofibroblastic tumour; no verified own cohort.,False,False,,,none,,defining,RANBP2-ALK
SARC_FIBROSARCOMA_BONE,Fibrosarcoma of Bone,sarcoma,bone,primary_bone,SARC,type,site_qualified_type,False,,curated,LITERATURE_CURATED,,Named WHO fibrogenic bone entity; no verified own expression cohort.,False,False,,,none,,none,
SARC_ADAMANTINOMA,Adamantinoma of Long Bones,sarcoma,bone,primary_bone,SARC,type,histologic_type,False,,curated,LITERATURE_CURATED,,Named WHO malignant bone entity; no verified own expression cohort.,False,False,,,none,,none,
UCEC_POLE,Endometrial Carcinoma POLE-ultramutated,carcinoma-gu,endometrium,solid_primary,UCEC,molecular_subtype,molecular_status_subtype,True,,curated,LITERATURE_CURATED,PMID:23636398,POLE exonuclease-domain-mutant ultramutated subtype (~7.6%); >100 mut/Mb; excellent checkpoint response.,False,False,,,none,,none,
UCEC_MSI,Endometrial Carcinoma MSI-H/MMRd,carcinoma-gu,endometrium,solid_primary,UCEC,molecular_subtype,molecular_status_subtype,True,,curated,LITERATURE_CURATED,PMID:34990208,MMR-deficient/MSI-H hypermutated subtype (~32%); pembrolizumab ORR ~50% (KEYNOTE-158).,False,False,,,none,,none,
UCEC_CNL,Endometrial Carcinoma Copy-Number-Low (NSMP),carcinoma-gu,endometrium,solid_primary,UCEC,molecular_subtype,molecular_status_subtype,True,,curated,LITERATURE_CURATED,PMID:23636398,Copy-number-low / no-specific-molecular-profile (p53-wild-type endometrioid; ~39%); MSS; low ICI response.,False,False,,,none,,none,
UCEC_CNH,Endometrial Carcinoma Copy-Number-High (p53-abnormal),carcinoma-gu,endometrium,solid_primary,UCEC,molecular_subtype,molecular_status_subtype,True,,curated,LITERATURE_CURATED,PMID:23636398,"Copy-number-high / p53-abnormal serous-like (~21%); MSS, most immune-cold; lowest ICI response.",False,False,,,none,,none,
PMBCL,Primary Mediastinal B-cell Lymphoma,heme-bcell,mediastinum,heme_nodal,DLBC,type,histologic_type,True,,curated,,PMID:37130017,Thymic-derived large B-cell; 9p24.1/PD-L1 amplification -> checkpoint-sensitive; pembrolizumab ORR ~41% (KEYNOTE-170); public array cohort GSE134511 (no bulk RNA-seq yet),False,False,,,none,,none,
ATC,Anaplastic Thyroid Carcinoma,endocrine-epithelial,thyroid,solid_primary,THCA,type,differentiation_type,True,,curated,,DOI:10.1016/j.celrep.2024.113826,Undifferentiated dedifferentiated thyroid; aggressive; higher TMB (~3.8) than differentiated; dual ipi+nivo ~30% and lenvatinib+pembrolizumab ~52% (ATLEP),False,False,anaplastic,,none,,none,
THYMCA,Thymic Carcinoma,thymic,thymus,solid_primary,THYM_EPITHELIAL,type,primary_type,True,,curated,,PMID:29395863,Thymic epithelial carcinoma (distinct from thymoma); higher TMB and worse prognosis; pembrolizumab ORR 22.5%; TCGA-THYM contains a thymic-carcinoma subset,False,False,,,none,,none,
CESC_HPVneg,HPV-negative Cervical Carcinoma,carcinoma-gu,cervix,solid_primary,CESC,molecular_subtype,viral_status_subtype,True,,curated,,PMID:41795431,Gastric-type / clear-cell HPV-independent cervical; TP53-driven; immune-excluded with worse ICI response; inherits CESC where no subtype-specific data; TCGA-CESC has an HPV-negative subset,False,False,,,none,,none,
